draw_position,player,player_id,furthest_round
1,Novak Djokovic,104925,SF
9,Adrian Mannarino,105173,R16
17,Taylor Fritz,126203,QF
32,Stefanos Tsitsipas,126774,R16
33,Jannik Sinner,206173,W
48,Karen Khachanov,111575,R16
49,Alex de Minaur,200282,R16
64,Andrey Rublev,126094,QF
68,Arthur Cazaux,209070,R16
80,Hubert Hurkacz,128034,QF
86,Nuno Borges,132686,R16
96,Daniil Medvedev,106421,F
97,Alexander Zverev,100644,SF
105,Cameron Norrie,111815,R16
117,Miomir Kecmanovic,200175,R16
128,Carlos Alcaraz,207989,QF
