draw_position,section,seed,player,entry,player_id,R128,R64,R32,R16,QF,SF,F,W
1,1,1.0,Novak Djokovic,,104925,1.0,0.95827,0.91571,0.84013,0.76853,0.68279,0.51501,0.39775
33,3,4.0,Jannik Sinner,,206173,1.0,0.87591,0.81411,0.74211,0.62339,0.48457,0.24287,0.161
128,8,2.0,Carlos Alcaraz,,207989,1.0,0.9077,0.77325,0.66706,0.55651,0.41967,0.27574,0.12194
96,6,3.0,Daniil Medvedev,,106421,1.0,0.89946,0.76594,0.63874,0.47253,0.36374,0.22986,0.09935
97,7,6.0,Alexander Zverev,,100644,1.0,0.83983,0.71366,0.58077,0.45508,0.2434,0.13178,0.04443
81,6,13.0,Grigor Dimitrov,,105777,1.0,0.77851,0.62727,0.48803,0.24602,0.16471,0.08647,0.02863
64,4,5.0,Andrey Rublev,,126094,1.0,0.85809,0.71303,0.51796,0.34986,0.15726,0.05352,0.02537
80,5,9.0,Hubert Hurkacz,,128034,1.0,0.80401,0.58116,0.40167,0.27071,0.12428,0.05897,0.01751
32,2,7.0,Stefanos Tsitsipas,,126774,1.0,0.86612,0.67908,0.51957,0.31878,0.08264,0.03285,0.01282
49,4,10.0,Alex de Minaur,,200282,1.0,0.74357,0.56369,0.40933,0.23076,0.09462,0.02846,0.01186
17,2,12.0,Taylor Fritz,,126203,1.0,0.79524,0.64685,0.43376,0.27161,0.0682,0.02681,0.0108
48,3,15.0,Karen Khachanov,,111575,1.0,0.81947,0.63398,0.41805,0.14688,0.07501,0.02019,0.00741
65,5,8.0,Holger Rune,,208029,1.0,0.67182,0.46013,0.29364,0.15641,0.05981,0.02431,0.00536
73,5,21.0,Ugo Humbert,,200005,1.0,0.73683,0.51825,0.25789,0.15171,0.05651,0.02187,0.0049
113,8,14.0,Tommy Paul,,126205,1.0,0.73468,0.42525,0.29029,0.1036,0.0519,0.01965,0.00433
112,7,11.0,Casper Ruud,,134770,1.0,0.78393,0.55695,0.36084,0.15922,0.05709,0.01949,0.00372
57,4,29.0,Sebastian Korda,,200624,1.0,0.72767,0.54892,0.25981,0.14225,0.04763,0.01124,0.00363
9,1,20.0,Adrian Mannarino,,105173,1.0,0.67791,0.48733,0.30323,0.05918,0.03184,0.01046,0.00355
89,6,27.0,Felix Auger-Aliassime,,200000,1.0,0.67003,0.50703,0.16466,0.07976,0.04099,0.01481,0.00321
116,8,,Jack Draper,,207733,1.0,0.65647,0.35472,0.23353,0.07941,0.03759,0.01409,0.0027
6,1,,Gael Monfils,,104792,1.0,0.72287,0.46815,0.07565,0.04402,0.02281,0.00701,0.00238
16,1,16.0,Ben Shelton,,210097,1.0,0.62636,0.41802,0.23752,0.0426,0.02093,0.00653,0.00202
88,6,23.0,Alejandro Davidovich Fokina,,200221,1.0,0.75374,0.52148,0.21407,0.06918,0.0321,0.01062,0.00163
56,4,18.0,Nicolas Jarry,,111797,1.0,0.7105,0.463,0.21468,0.0907,0.02689,0.0055,0.0016
22,2,,Marin Cilic,PR,105227,1.0,0.60896,0.35199,0.17408,0.08779,0.01654,0.00484,0.00155
41,3,17.0,Frances Tiafoe,,126207,1.0,0.56001,0.37847,0.19574,0.05515,0.02343,0.00518,0.00153
123,8,,Mackenzie McDonald,,111456,1.0,0.6952,0.41314,0.10719,0.05574,0.02368,0.00768,0.00133
104,7,32.0,Jiri Lehecka,,208103,1.0,0.70807,0.45519,0.15978,0.08664,0.02657,0.00771,0.00129
24,2,22.0,Francisco Cerundolo,,202103,1.0,0.66045,0.34016,0.16085,0.0789,0.01451,0.00387,0.00104
72,5,28.0,Tallon Griekspoor,,134868,1.0,0.5259,0.30517,0.14838,0.06335,0.01926,0.00603,0.00102
105,7,19.0,Cameron Norrie,,111815,1.0,0.59948,0.36798,0.19038,0.07029,0.02065,0.00576,0.00094
77,5,,Denis Shapovalov,PR,133430,1.0,0.59325,0.22231,0.11405,0.05627,0.01661,0.00517,0.00087
69,5,,Arthur Fils,,209950,1.0,0.65854,0.3186,0.14812,0.05969,0.01631,0.00468,0.00077
71,5,,Roman Safiullin,,126128,1.0,0.4741,0.26367,0.12325,0.05025,0.01399,0.00427,0.00071
42,3,,Borna Coric,,106432,1.0,0.43999,0.27384,0.12939,0.03361,0.01255,0.00263,0.00061
94,6,,Emil Ruusuvuori,,200325,1.0,0.65312,0.14544,0.07641,0.03117,0.01353,0.00401,0.0006
67,5,,Laslo Djere,,111513,1.0,0.66632,0.28124,0.14114,0.05706,0.01575,0.0044,0.0006
126,8,,Lorenzo Sonego,,132283,1.0,0.5379,0.10895,0.05797,0.02782,0.0111,0.0034,0.00049
25,2,25.0,Lorenzo Musetti,,207518,1.0,0.57392,0.36773,0.14437,0.0592,0.00874,0.00193,0.00049
121,8,31.0,Alexander Bublik,,122330,1.0,0.57539,0.28713,0.06308,0.02835,0.01006,0.00256,0.00046
51,4,,Matteo Arnaldi,,208286,1.0,0.59121,0.19705,0.09876,0.03401,0.00816,0.00143,0.00035
34,3,,Botic van de Zandschulp,,122298,1.0,0.12409,0.0793,0.0465,0.0209,0.00761,0.0014,0.00031
50,4,,Milos Raonic,PR,105683,1.0,0.25643,0.13254,0.06523,0.02238,0.00487,0.00098,0.00027
125,8,,Daniel Evans,,105554,1.0,0.4621,0.08379,0.04193,0.01826,0.00682,0.00183,0.00027
120,8,24.0,Jan-Lennard Struff,,105526,1.0,0.52667,0.27385,0.10498,0.02521,0.00888,0.00225,0.00026
117,8,,Miomir Kecmanovic,,200175,1.0,0.56301,0.29289,0.11648,0.02844,0.0106,0.00274,0.00026
82,6,,Marton Fucsovics,,105916,1.0,0.22149,0.11893,0.06115,0.01628,0.00641,0.00175,0.00024
75,5,,Zhizhen Zhang,,111190,1.0,0.68261,0.27848,0.09723,0.04084,0.00966,0.0024,0.00024
39,3,,J.J. Wolf,,200670,1.0,0.49408,0.29957,0.05275,0.02016,0.00611,0.00082,0.00023
66,5,,Yoshihito Nishioka,,106415,1.0,0.32818,0.16805,0.07803,0.02915,0.00743,0.00197,0.00022
21,2,,Fabian Marozsan,,206681,1.0,0.39104,0.18416,0.07368,0.03039,0.00461,0.00073,0.0002
14,1,,Cristian Garin,,106426,1.0,0.57898,0.23628,0.102,0.01193,0.00433,0.00103,0.00018
119,8,,Rinky Hijikata,,208014,1.0,0.47333,0.23402,0.08342,0.01844,0.00619,0.00136,0.00018
11,1,,Alexander Shevchenko,,207686,1.0,0.61219,0.22753,0.09986,0.01152,0.00403,0.00087,0.00017
106,7,,Juan Pablo Varillas,,122669,1.0,0.40052,0.2047,0.08691,0.02603,0.00566,0.00135,0.00017
84,6,,Thanasi Kokkinakis,,106423,1.0,0.50595,0.12875,0.0618,0.01476,0.00512,0.00128,0.00016
99,7,,Soon-woo Kwon,PR,126952,1.0,0.58824,0.13131,0.06408,0.02762,0.00651,0.0014,0.00016
83,6,,Sebastian Ofner,,124116,1.0,0.49405,0.12505,0.0604,0.01395,0.00485,0.00124,0.00015
8,1,30.0,Tomas Martin Etcheverry,,144869,1.0,0.44907,0.17668,0.01817,0.00753,0.00251,0.00056,0.00015
40,3,26.0,Sebastian Baez,,202104,1.0,0.50592,0.31149,0.05696,0.02252,0.00703,0.00109,0.00015
10,1,,Stan Wawrinka,,104527,1.0,0.32209,0.17815,0.07933,0.00974,0.0034,0.00064,0.00015
53,4,,Pavel Kotov,,200303,1.0,0.54458,0.23462,0.0792,0.02476,0.00539,0.00071,0.00014
43,3,,Tomas Machac,,207830,1.0,0.63301,0.24837,0.09728,0.02037,0.00677,0.00105,0.00013
7,1,,Andy Murray,,104918,1.0,0.55093,0.24067,0.02724,0.01238,0.0047,0.00122,0.00013
101,7,,James McCabe,WC,210317,1.0,0.55205,0.24301,0.06257,0.0259,0.00544,0.00111,0.00013
15,1,,Roberto Bautista Agut,,105138,1.0,0.37364,0.20518,0.09176,0.01091,0.00416,0.0009,0.00013
78,5,,Jakub Mensik,Q,210150,1.0,0.40675,0.12119,0.05018,0.02046,0.00483,0.00117,0.00013
122,8,,Sumit Nagal,Q,111576,1.0,0.42461,0.18272,0.03244,0.01209,0.00366,0.00091,0.00012
26,2,,Benjamin Bonzi,,126127,1.0,0.42608,0.24222,0.08057,0.02708,0.00316,0.00058,0.00012
107,7,,Dusan Lajovic,,105583,1.0,0.54728,0.24395,0.10615,0.03241,0.00698,0.00153,0.00012
115,8,,Marcos Giron,,106218,1.0,0.34353,0.13168,0.06588,0.01528,0.00504,0.00114,0.00011
45,3,,Alejandro Tabilo,,126214,1.0,0.51384,0.14986,0.05599,0.0098,0.00244,0.00036,0.0001
52,4,,Adam Walton,WC,200443,1.0,0.40879,0.10672,0.04486,0.01251,0.00253,0.00033,0.0001
110,7,,Mate Valkusz,Q,200218,1.0,0.56359,0.21163,0.09691,0.02765,0.00635,0.00121,0.0001
85,6,,Maximilian Marterer,,109739,1.0,0.55445,0.21774,0.05841,0.0116,0.00335,0.00075,9e-05
90,6,,Dominic Thiem,,106233,1.0,0.32997,0.19938,0.04141,0.01392,0.00495,0.00112,9e-05
79,5,,Omar Jasika,Q,117357,1.0,0.19599,0.07534,0.0283,0.00997,0.00177,0.00044,8e-05
109,7,,Max Purcell,,126845,1.0,0.43641,0.14284,0.05672,0.01327,0.00229,0.00042,7e-05
58,4,,Vit Kopriva,Q,200240,1.0,0.27233,0.14691,0.0405,0.01319,0.00247,0.00043,7e-05
70,5,,Jiri Vesely,PR,106210,1.0,0.34146,0.11256,0.0367,0.01009,0.00189,0.0004,7e-05
29,2,,Aleksandar Vukic,,126846,1.0,0.48484,0.12945,0.06013,0.0187,0.00221,0.00039,7e-05
27,2,,James Duckworth,WC,105902,1.0,0.46335,0.17351,0.04606,0.01275,0.00113,0.00024,7e-05
61,4,,Christopher Eubanks,,111153,1.0,0.5302,0.12256,0.04735,0.01563,0.00288,0.00035,7e-05
102,7,,Alex Michelsen,,210506,1.0,0.44795,0.17726,0.03943,0.0144,0.00282,0.00054,6e-05
28,2,,Luca Van Assche,,209414,1.0,0.53665,0.21654,0.06302,0.01851,0.00187,0.00024,6e-05
3,1,,Alexei Popyrin,,200615,1.0,0.56852,0.03987,0.01476,0.00561,0.00187,0.0003,6e-05
54,4,,Arthur Rinderknech,,126239,1.0,0.45542,0.17733,0.05343,0.01571,0.00292,0.00039,6e-05
30,2,,Jordan Thompson,,111442,1.0,0.51516,0.14239,0.06999,0.02318,0.00295,0.00054,6e-05
74,5,,David Goffin,Q,105676,1.0,0.26317,0.12286,0.03379,0.01142,0.00207,0.00047,6e-05
60,4,,Lloyd Harris,Q,144750,1.0,0.53626,0.17043,0.04487,0.01382,0.00235,0.00022,6e-05
118,8,,Yosuke Watanuki,,133297,1.0,0.43699,0.19924,0.06716,0.01316,0.00375,0.00085,5e-05
13,1,,Christopher O'Connell,,106331,1.0,0.42102,0.14052,0.05152,0.00503,0.00152,0.00033,4e-05
55,4,,Flavio Cobolli,Q,207925,1.0,0.2895,0.12505,0.03451,0.00885,0.00141,0.00017,4e-05
114,8,,Gregoire Barrere,,106296,1.0,0.26532,0.08835,0.03826,0.00727,0.00216,0.00044,4e-05
38,3,,Jason Kubler,WC,106186,1.0,0.59294,0.25141,0.03821,0.01272,0.00315,0.0004,4e-05
93,6,,Patrick Kypson,WC,200516,1.0,0.34688,0.04923,0.0189,0.00555,0.00144,0.00032,4e-05
5,1,,Yannick Hanfmann,,105870,1.0,0.27713,0.1145,0.00945,0.00339,0.00092,0.00021,3e-05
100,7,,Lukas Klein,Q,127760,1.0,0.41176,0.07152,0.02849,0.01023,0.00208,0.00032,3e-05
91,6,,Alexandre Muller,,124186,1.0,0.50575,0.1477,0.02299,0.00587,0.00153,0.0004,3e-05
95,6,,Terence Atmane,Q,209279,1.0,0.10054,0.03939,0.01436,0.00401,0.00104,0.00015,2e-05
59,4,,Quentin Halys,,111460,1.0,0.46374,0.13374,0.03184,0.0091,0.00137,0.00015,2e-05
46,3,,Aleksandar Kovacevic,Q,206499,1.0,0.48616,0.13943,0.05131,0.0086,0.00208,0.00022,2e-05
108,7,,Giulio Zeppieri,Q,206748,1.0,0.45272,0.18337,0.07249,0.01985,0.00435,0.00072,2e-05
86,6,,Nuno Borges,,132686,1.0,0.44555,0.15535,0.03511,0.00614,0.00164,0.00028,2e-05
103,7,,Bernabe Zapata Miralles,,126523,1.0,0.29193,0.12454,0.02567,0.00842,0.00146,0.00031,2e-05
35,3,,Jesper de Jong,Q,207411,1.0,0.50807,0.05505,0.02544,0.00798,0.00191,0.00013,2e-05
18,2,,Facundo Diaz Acosta,,207680,1.0,0.20476,0.10929,0.03787,0.0121,0.0012,0.00018,2e-05
92,6,,Hugo Grenier,Q,126409,1.0,0.49425,0.14589,0.02253,0.0057,0.00145,0.00028,2e-05
98,7,,Dominik Koepfer,,136440,1.0,0.16017,0.08351,0.03921,0.01653,0.00347,0.00062,2e-05
36,3,,Pedro Cachin,,106398,1.0,0.49193,0.05154,0.02238,0.00687,0.00171,0.00017,2e-05
37,3,,Daniel Elahi Galan,,123755,1.0,0.40706,0.13753,0.01565,0.00374,0.00077,0.00013,2e-05
12,1,,Jaume Munar,,144719,1.0,0.38781,0.10699,0.03478,0.00283,0.0007,9e-05,1e-05
127,8,,Richard Gasquet,,104755,1.0,0.0923,0.03401,0.01341,0.00504,0.00144,0.00033,1e-05
124,8,,Juncheng Shang,WC,209992,1.0,0.3048,0.11701,0.01692,0.00538,0.00135,0.00024,1e-05
4,1,,Marc Polmans,WC,117360,1.0,0.43148,0.02463,0.00803,0.00258,0.00074,0.0001,1e-05
111,7,,Albert Ramos-Vinolas,,105077,1.0,0.21607,0.08858,0.0296,0.00646,0.00099,0.00011,1e-05
19,2,,Roberto Carballes Baena,,106148,1.0,0.51499,0.12705,0.0419,0.01254,0.00132,0.00015,1e-05
87,6,,Constant Lestienne,,106005,1.0,0.24626,0.10543,0.02103,0.00356,0.00093,0.00021,1e-05
68,5,,Arthur Cazaux,WC,209070,1.0,0.33368,0.09058,0.03074,0.00811,0.00127,0.00016,1e-05
62,4,,Taro Daniel,,106121,1.0,0.4698,0.09961,0.03612,0.01054,0.00172,0.0002,1e-05
20,2,,Hugo Gaston,LL,200384,1.0,0.48501,0.11681,0.03708,0.01084,0.00107,9e-05,0.0
23,2,,Dane Sweeny,Q,208013,1.0,0.33955,0.12369,0.04078,0.01409,0.00167,0.00024,0.0
31,2,,Zizou Bergs,LL,200267,1.0,0.13388,0.04908,0.01629,0.00354,0.00026,1e-05,0.0
76,5,,Federico Coria,,105948,1.0,0.31739,0.08041,0.01689,0.00451,0.00078,0.00015,0.0
2,1,,Dino Prizmic,Q,209976,1.0,0.04173,0.01979,0.00657,0.00222,0.00067,8e-05,0.0
44,3,,Shintaro Mochizuki,LL,208278,1.0,0.36699,0.09932,0.02841,0.00394,0.00082,0.00012,0.0
63,4,,Thiago Seyboth Wild,,205734,1.0,0.14191,0.0648,0.02155,0.00593,0.00089,8e-05,0.0
47,3,,Daniel Altmaier,,127157,1.0,0.18053,0.07673,0.02383,0.00337,0.00068,5e-05,0.0
