player_id,elo
104925,2021.8654278914337
206173,1921.4150057138436
207989,1878.89336129398
106421,1870.5182666218668
100644,1787.52029250823
105777,1780.5189787870302
126094,1769.8385170033778
128034,1743.1158166132307
200282,1735.7673357285296
104745,1723.5476781684183
106401,1723.4502638518031
126774,1716.7260022315907
126203,1712.52935274116
111575,1696.740219258526
208029,1683.5626646083053
200624,1671.8699775476725
200005,1670.847128714501
105173,1668.3720065561279
200000,1660.0277907716572
126205,1660.0119465631367
104792,1657.5149888985425
126610,1653.8128677276131
207733,1643.835487243689
210097,1642.5408932742746
134770,1634.6926425269673
126207,1633.8757755511224
111797,1626.7110285068209
200221,1624.556681943204
105227,1622.1255773384923
202385,1613.0779463291947
134868,1608.6380561240398
111456,1605.2572029509101
202103,1604.8133837478922
105453,1603.4360725199272
133430,1601.0891581761655
105807,1600.8286986958644
200325,1600.440753002955
106432,1593.0633372053303
126128,1591.6308186862234
209950,1588.4784268956091
208103,1587.3938065425723
111513,1585.8462699283332
132283,1583.1100689947411
122298,1581.2630137159647
127339,1578.3054873910164
209098,1577.0963584738392
111815,1575.9737083217674
124187,1573.1055566762948
104918,1569.467120938759
208286,1563.0822583769461
105916,1562.061936733431
111581,1561.822135416869
207518,1559.192744814913
122330,1558.7632082868402
106415,1558.5759977461923
105554,1557.2903070455718
111190,1556.95553857033
106234,1556.5536512313286
105138,1552.6191935660056
144684,1552.261014722516
105683,1552.1017747147605
206681,1546.642719523549
202104,1545.311780760838
206909,1544.1116919400354
106426,1543.5121617914995
105985,1543.3430876797554
200175,1542.8964360987675
200059,1542.0556581338208
144707,1540.8446349931396
104527,1540.37028708943
105656,1539.4156823404574
200670,1539.3621126661546
207830,1539.1173190984082
103819,1539.0748020509768
106423,1538.2986848677988
105526,1537.986046701918
106233,1537.6746086079943
210150,1536.282546703304
208502,1534.4546214413642
124116,1534.2775221389704
207686,1533.6353379876973
144869,1533.4597437029788
200303,1531.9707773704495
106218,1531.1156908618825
123795,1530.071243204657
104871,1523.6286753556215
210142,1523.585699413623
200318,1521.2063979739526
111794,1519.8283859109567
106043,1518.7754615042397
208014,1518.696971795315
207669,1518.3381038239079
200273,1517.4754893626748
106328,1516.7838200513627
200436,1516.6497562285715
144826,1516.629506035772
208004,1516.451619612662
105575,1515.2847039547562
133835,1514.8596960589794
126646,1513.1477236428468
144821,1513.1107336742243
125802,1513.017503088889
103917,1512.415809772402
200014,1512.0
105434,1512.0
207973,1512.0
208414,1512.0
208843,1512.0
121411,1511.9941765861984
118808,1511.9050843531013
122533,1511.8034463584745
144814,1511.6287831047905
207772,1511.4433986371598
105583,1511.3382273736756
104235,1511.2649514303073
200270,1511.2620996803257
208937,1510.5928485298691
104545,1510.3749659361413
207799,1510.3376396881426
126952,1509.966621932296
106281,1509.0506789371534
209409,1508.8613468472981
126127,1508.4453616275657
200615,1508.263845186805
106162,1508.1067761698457
105051,1507.303472850585
208169,1506.544550715367
144985,1506.5107538880227
111576,1506.325583277422
207736,1506.013798733704
211468,1506.0
208182,1506.0
149285,1506.0
200575,1506.0
138485,1506.0
126197,1506.0
202335,1506.0
149283,1506.0
105587,1506.0
206600,1506.0
105464,1506.0
208361,1505.9975943052393
103529,1505.994700582915
200008,1505.9522944884716
105633,1505.9192503831807
134472,1505.9141234226583
212051,1505.906070616736
208057,1505.896393970147
209860,1505.8955317060233
208223,1505.778203254728
149843,1505.575259852733
202475,1505.5718636547967
208210,1505.4619019174265
209080,1505.248206695565
122669,1504.8874646382314
105827,1504.772467104173
202235,1504.6764352184555
209209,1503.5087681072944
208010,1502.4870058043496
121531,1502.3765702565283
136440,1502.0687292618184
106110,1501.8295135303663
207352,1501.6379374506407
200240,1501.325031011165
123896,1501.1521155654693
200677,1501.1353185912903
208300,1501.1249122176114
126663,1501.1069964407304
207249,1501.0085501405022
202058,1500.987389092709
131905,1500.9006352375986
200572,1500.7565540891746
209867,1500.6746584463967
126623,1500.6005919873617
123809,1500.5870979963047
124040,1500.5828553640035
207461,1500.4930441070496
126239,1500.4379411041793
126209,1500.422069490889
106232,1500.414300586377
103499,1500.4107216473064
105747,1500.103606029853
106137,1500.0
202269,1500.0
111153,1499.9977144697748
207132,1499.9861129536162
210753,1499.9035466983544
207660,1499.8965729240733
105041,1499.8276178423534
200622,1499.6938087644703
106302,1499.6138097447592
117358,1499.5999923740492
105074,1499.4860659635565
209284,1499.484734322458
106353,1499.4140242942854
117365,1499.3696243180527
209120,1499.1624136986786
200218,1499.1580601043397
126129,1499.0385411923253
208659,1498.8140244324793
109739,1498.793086451013
200374,1498.6925150546087
208293,1498.6542784526578
202120,1498.5183803682592
106071,1498.4154955598708
209259,1498.3015308560332
202262,1498.2883984034809
127123,1498.2422818387663
133297,1498.15662807471
209866,1498.1516069677193
131934,1498.0177687079333
131951,1497.864358608979
111442,1497.7756224402797
209362,1497.7512686323778
202400,1497.7372259935787
202261,1497.4062906046581
200116,1496.3253012450227
106310,1496.2030525513428
105657,1496.1649684472368
202197,1496.0553409717265
206589,1496.0269452930697
144973,1495.993252741168
144645,1495.7668813996418
200279,1495.5378548456065
200310,1495.3032311202544
208028,1495.0908696429815
106177,1495.0504608068215
200278,1494.7853602191894
209907,1494.7070595115526
208118,1494.6248625259711
210200,1494.5732962258062
212038,1494.4925194947468
105819,1494.4109522127321
144949,1494.3932519809357
105655,1494.3002847830487
144652,1494.2570121935362
144923,1494.163599245092
209278,1494.103606029853
144807,1494.0921471908225
105180,1494.0250550685691
104460,1494.015356738559
134677,1494.0043751741632
212041,1494.0
202316,1494.0
200045,1494.0
208317,1494.0
207881,1494.0
212040,1494.0
210308,1494.0
209226,1494.0
209280,1494.0
210686,1494.0
149284,1494.0
209225,1494.0
207395,1493.9805962797093
105641,1493.9384198508558
105911,1493.8965145181855
208364,1493.896393970147
209191,1493.8834893632293
123969,1493.7999961870246
200297,1493.799995598615
108782,1493.7928497068115
202260,1493.7895872874428
208122,1493.785703815008
207129,1493.7856473802256
105899,1493.7757613144834
211663,1493.7676803750467
126533,1493.7624122241612
106292,1493.755076197153
209903,1493.7374564254524
207386,1493.6790878647143
104919,1493.6489079727169
207834,1493.630248319876
134087,1493.5901302488467
200250,1493.570670068537
111806,1493.5496742314958
207794,1493.4760965696355
109686,1493.4649612811581
126627,1493.3756587538787
104868,1493.3573201317156
200214,1493.3568367539672
134840,1493.3492291458936
105757,1493.3438448356599
202122,1493.3384978993652
122109,1493.3306142644356
210250,1493.3188452507284
210012,1493.1703485172127
126762,1493.0876956347404
144841,1493.0345844912388
105223,1493.0050533025978
126106,1492.9687773505452
105905,1492.962344829488
209890,1492.958321100036
103990,1492.8608663639795
105292,1492.7671869924188
123983,1492.635411547216
200550,1492.5154991225018
211776,1492.3830465050207
210340,1491.8951539617988
109054,1491.7248224502043
105676,1491.6417510228096
211346,1491.6259922697218
106186,1491.5369899471057
126204,1491.4503513465106
200516,1491.404996941178
208071,1491.366663738411
105732,1491.2358628667344
207738,1491.216197971852
202168,1491.1853904821298
200672,1491.1520489289671
106408,1491.0499993781295
104905,1490.9959347049994
126591,1490.9867931292902
105870,1490.9148030856684
206703,1490.894689034481
209914,1490.6694764612814
207785,1490.6051946432542
111200,1490.5763199133573
145001,1490.302353118288
104926,1490.2250998151642
122570,1490.205585731799
126214,1490.15135429816
106187,1490.0922630346552
208013,1490.0624914289244
209147,1489.8937424178616
200611,1489.7144507240946
210136,1489.646738379587
208653,1489.6147584709167
134518,1489.4275806463634
212021,1489.41805343135
207494,1489.328576727389
202320,1489.2120630792713
209260,1489.1708810771536
208353,1489.098708120635
126206,1489.0484714882775
200188,1488.9166400831132
207841,1488.900846714821
111187,1488.88776336132
209405,1488.8453533363452
200336,1488.8120938576249
207134,1488.810858040878
208852,1488.7494801651092
200418,1488.722751318832
209871,1488.6544166112076
207678,1488.6407159303271
200514,1488.5804903999663
210680,1488.578945746208
126177,1488.5748285808666
144940,1488.4933999522943
111574,1488.4285923699842
207587,1488.336180687478
106380,1488.2645193282676
104901,1488.2234274168072
105714,1488.214366702196
126185,1488.2016188457992
207277,1488.1093960182784
144748,1488.103606029853
206750,1488.08204543232
200484,1488.0612613103322
149282,1488.054523070621
211451,1488.053038845136
105156,1488.0143094285309
105063,1488.0
208206,1488.0
106175,1488.0
202398,1488.0
209870,1488.0
208367,1488.0
207759,1488.0
104947,1488.0
105992,1488.0
105278,1488.0
211573,1488.0
209262,1488.0
207826,1488.0
106425,1488.0
207457,1488.0
209971,1488.0
105671,1488.0
200583,1488.0
126555,1487.9953077986165
105385,1487.9856905714691
104999,1487.9811902942822
126573,1487.9714152559184
105812,1487.905547507449
210178,1487.878547921453
209294,1487.8265275944655
211326,1487.7122676720016
210119,1487.7072189166342
123828,1487.7046908928007
104810,1487.6245061647976
207608,1487.6169205205151
106044,1487.6097868453342
106250,1487.585699413623
110536,1487.585699413623
120270,1487.585699413623
104897,1487.585699413623
211572,1487.580795312668
210696,1487.571962295239
105269,1487.552489191164
201995,1487.5291468349285
208055,1487.4569823509094
207976,1487.4366297495922
106331,1487.3291531149293
210107,1487.293766298526
200307,1487.2791224755704
104907,1487.2589235410417
126609,1487.2187620297643
111459,1487.2071134934665
126190,1487.1674962831773
105406,1487.1482347317694
211458,1487.137870368551
117356,1487.1084718122995
206716,1486.9870354367458
126939,1486.8248161776814
210740,1486.7461522101016
126846,1486.5542916757843
144750,1486.514792954998
138846,1486.4898886997207
105512,1486.4155732562201
105432,1486.392753043002
207531,1486.174075674423
206889,1485.8109040101158
106058,1485.7533348222344
212037,1485.69483826675
144751,1485.686320004209
211768,1485.6807190078578
126107,1485.6621914598852
209279,1485.5564512692379
200416,1485.4933823649726
123921,1485.3170333880398
200589,1485.197911579274
106057,1484.5963833285969
110778,1484.192026431318
200031,1484.186505169034
200335,1484.1830574472983
208819,1483.8902076976453
106220,1483.8426899717674
208233,1483.6738844739407
106296,1483.4906360905309
104755,1483.4795429690457
111761,1483.4109820799802
106072,1482.8570621234735
210274,1482.733292223582
210220,1482.4973318134728
125842,1482.4445686174836
207836,1482.4049712301514
200587,1482.1781619432256
109303,1482.040131007405
103893,1482.000312635853
126283,1481.9344621435653
104898,1481.8633235682637
208230,1481.8070656447906
133975,1481.575788691803
126120,1481.478397268162
144932,1481.4285439316045
200473,1481.372594813657
126237,1481.3710640417296
105064,1481.2309666682117
105841,1481.15331014961
106288,1481.140161080797
200666,1480.9176557490293
206499,1480.793144941414
210530,1480.7114944836067
105589,1480.590683820057
124013,1480.3677471818287
210202,1480.3246624474282
103333,1480.243832339489
206748,1479.8433388377387
106291,1479.6404803967716
200095,1479.4425199855116
207213,1479.3981208382093
111578,1479.3738589965583
209976,1479.318756773705
106121,1479.1031418798075
104586,1478.9905670931832
105577,1478.6995084683813
106216,1478.5858961547428
207411,1478.5617674965806
122078,1478.376224307816
104468,1478.342415111039
105357,1478.3241857055777
209916,1478.2710633963309
105561,1477.7240014268382
209113,1477.7110650338657
111453,1477.6688934931583
105614,1477.1597003854863
110748,1477.1289174835752
104660,1477.125710827688
123961,1476.8337369036403
106397,1476.827614673444
209868,1476.65516063612
105723,1476.6447488660824
111511,1476.6425531665122
106026,1476.5112419477523
202065,1476.3643272539787
105649,1476.2653030431193
105441,1476.2481862780198
207680,1476.2006148745859
105208,1476.014231709358
106174,1475.8520354474203
126156,1475.8099910674148
202378,1475.8054097817685
202090,1475.7564022387282
211571,1475.6118156926
106293,1475.5431836240189
212044,1475.3987238914656
106210,1475.1579303410938
111436,1475.150552456605
105011,1474.646976064041
105952,1474.5448750607086
111515,1474.516502687449
105449,1474.4369558937437
134457,1474.3712579952198
106075,1474.3265160664935
200390,1474.1258579824773
105806,1473.4564006978726
106393,1473.2066403695553
209857,1473.1453066653655
200247,1473.0886262516942
106109,1472.4139609938854
106398,1472.1913927927556
209414,1472.1406567508977
106283,1471.9890542895887
202195,1471.360314436976
210319,1470.841979783095
144895,1470.8403736536338
126964,1470.6937866234216
104259,1470.517046978288
207925,1470.3151936459346
211570,1469.7885588788138
122548,1469.759343983114
124154,1469.616449059246
109734,1469.2999072159037
105731,1469.1674303202883
200075,1469.1608724716134
106362,1468.8903478027412
105936,1468.6695069761113
105341,1468.3741955641474
207415,1468.3181568271425
105359,1467.533289425115
111505,1467.276399569095
104678,1467.0595680414986
209070,1466.409065460237
124186,1465.8317694793614
106223,1465.5951411207682
105477,1464.2666943135382
210506,1463.6294399127632
126409,1463.422324494331
200647,1463.1972150779527
209406,1463.0450932310314
105943,1462.5013084188458
104655,1462.4540570082925
126652,1462.2996678121071
132686,1461.5487963442035
111460,1460.8699935361262
117360,1460.4568410779164
208260,1460.4426297081786
106148,1460.3533675080507
105430,1459.9746260806141
208859,1459.493332992887
105216,1458.8097714011553
105877,1458.656160519196
208485,1458.3001784852931
209992,1458.2603163862425
200096,1457.6931731730606
205734,1457.6336826753372
111454,1457.4103139177955
106227,1457.2206931753221
124014,1457.1471469937974
208134,1456.0670563912563
105933,1455.6473444946205
105379,1455.4027178677368
105413,1455.1095545212381
126845,1454.502166770987
144719,1454.0149409919609
105226,1453.0547012971383
106000,1451.7799232794655
105539,1451.193177048164
104229,1451.0502758832333
200384,1449.7683458384145
144972,1449.5528941458185
104291,1449.5003990572202
105550,1448.7614634472684
104797,1448.4550079582439
127760,1448.0715580000267
106378,1448.0421179955092
144642,1447.3942467562485
111790,1447.3896071418644
207182,1446.032102043716
106298,1445.6581387241026
105902,1445.1488774234965
200711,1444.532698995936
126535,1444.4752899885998
208278,1444.1483284440715
133018,1442.9032470656252
106329,1442.6330740106107
104665,1442.3559473972941
104312,1442.3181536503812
106078,1441.9874990761566
209863,1441.3691788523447
105376,1440.1635948997766
105155,1438.3019516905056
144817,1436.1920202638064
106045,1434.9905005569217
105311,1434.8052970759586
127157,1434.601360256768
104731,1434.5415456903065
126523,1433.831272833376
126149,1433.749181065866
126340,1433.2585341530921
106005,1431.2079869419101
105815,1428.428981711964
104542,1428.4257852956239
106034,1427.1986953977644
106228,1427.0967074215896
123755,1425.9133395064966
106065,1425.3490537359812
105948,1424.9295244293633
111805,1424.2505102941952
106214,1422.6253071756908
124079,1421.9130835881028
105932,1420.116279793262
105967,1419.4270847829857
105882,1418.7972370067143
105613,1413.9911392763581
106368,1413.3271762000688
105077,1412.774886670966
105023,1406.6611400623938
105643,1405.8003001438747
106198,1405.3250361937698
105487,1405.2956134830206
202358,1401.0272409508357
106099,1400.245515525954
105062,1395.9540012312107
110602,1394.867712680067
200267,1394.113678542072
103852,1379.981937366456
104269,1371.4239997643922
105332,1351.0818672342118
